{
  "4_1": 0.09243697478991597,
  "5_1": 0.15966386554621848,
  "6_1": 0.058823529411764705,
  "7_1": 0.1092436974789916,
  "8_1": 0.08403361344537816,
  "9_2": 0.07563025210084033,
  "10_1": 0.1092436974789916,
  "12_1": 0.2689075630252101,
  "14_1": 0.03361344537815126,
  "15_1": 0.025210084033613446,
  "16_1": 0.10084033613445378,
  "17_1": 0.08403361344537816,
  "18_2": 0.01680672268907563,
  "19_3": 0.008403361344537815,
  "20_2": -1,
  "21_1": 0.09243697478991597,
  "22_1": 0.025210084033613446,
  "23_1": 0.03361344537815126,
  "24_2": -1,
  "25_0": 0.008403361344537815,
  "26_1": 0.1092436974789916,
  "27_1": 0.08403361344537816,
  "28_3": 0.3277310924369748,
  "29_1": 0.08403361344537816,
  "30_0": -1,
  "31_2": -1
}