{
  "4_1": 0.31092436974789917,
  "5_1": 0.31932773109243695,
  "6_1": 0.24369747899159663,
  "7_1": 0.226890756302521,
  "8_1": 0.19327731092436976,
  "9_2": 0.21008403361344538,
  "10_1": 0.2605042016806723,
  "12_1": 0.5630252100840336,
  "14_1": 0.05042016806722689,
  "15_1": 0.04201680672268908,
  "16_1": 0.2689075630252101,
  "17_1": 0.21008403361344538,
  "18_2": 0.11764705882352941,
  "19_3": 0.058823529411764705,
  "20_2": -1,
  "21_1": 0.2184873949579832,
  "22_1": 0.04201680672268908,
  "23_1": 0.05042016806722689,
  "24_2": 0.6218487394957983,
  "25_0": 0.01680672268907563,
  "26_1": 0.31092436974789917,
  "27_1": 0.21008403361344538,
  "28_3": 0.48739495798319327,
  "29_1": 0.23529411764705882,
  "30_0": 0.7226890756302521,
  "31_2": 0.6722689075630253
}