{
  "4_0": -1,
  "5_0": 0.5068493150684932,
  "6_0": 0.9041095890410958,
  "7_1": 0.1780821917808219,
  "8_0": 0.7534246575342466,
  "9_0": 0.7945205479452054,
  "10_0": 0.7808219178082192,
  "12_0": 0.8767123287671232,
  "14_1": 0.0410958904109589,
  "15_1": 0.0273972602739726,
  "16_0": 0.7945205479452054,
  "17_0": 0.863013698630137,
  "18_0": 0.7671232876712328,
  "19_0": 0.6438356164383562,
  "20_2": 0.958904109589041,
  "21_0": 0.8356164383561644,
  "22_1": 0.0273972602739726,
  "23_1": 0.0410958904109589,
  "24_2": 0.6986301369863014,
  "25_1": 0.8356164383561644,
  "26_0": 0.7397260273972602,
  "27_0": 0.7808219178082192,
  "28_3": 0.6438356164383562,
  "29_0": 0.5205479452054794,
  "30_0": 0.863013698630137,
  "31_2": 0.821917808219178
}