{
  "4_1": 0.05042016806722689,
  "5_1": 0.11764705882352941,
  "6_1": 0.025210084033613446,
  "7_1": 0.09243697478991597,
  "8_1": 0.06722689075630252,
  "9_2": 0.05042016806722689,
  "10_1": 0.06722689075630252,
  "12_1": 0.20168067226890757,
  "14_1": 0.025210084033613446,
  "15_1": 0.01680672268907563,
  "16_1": 0.05042016806722689,
  "17_1": 0.05042016806722689,
  "18_2": 0.008403361344537815,
  "19_3": 0.008403361344537815,
  "20_2": -1,
  "21_1": 0.04201680672268908,
  "22_1": 0.01680672268907563,
  "23_1": 0.025210084033613446,
  "24_2": -1,
  "25_0": 0.008403361344537815,
  "26_1": 0.058823529411764705,
  "27_1": 0.05042016806722689,
  "28_3": -1,
  "29_1": 0.06722689075630252,
  "30_0": -1,
  "31_2": -1
}