{
  "4_0": 0.20588235294117646,
  "5_0": 0.08823529411764706,
  "6_0": 0.23529411764705882,
  "8_0": 0.14705882352941177,
  "9_0": 0.17647058823529413,
  "12_0": 0.17647058823529413,
  "14_1": 0.029411764705882353,
  "15_1": 0.029411764705882353,
  "16_0": 0.08823529411764706,
  "17_0": 0.17647058823529413,
  "18_0": 0.17647058823529413,
  "19_0": 0.058823529411764705,
  "20_2": 0.2647058823529412,
  "21_0": 0.11764705882352941,
  "22_1": 0.029411764705882353,
  "23_1": 0.029411764705882353,
  "24_2": 0.20588235294117646,
  "25_1": 0.2647058823529412,
  "26_0": 0.11764705882352941,
  "27_0": 0.08823529411764706,
  "28_3": 0.20588235294117646,
  "29_0": 0.20588235294117646
}