{
  "4_1": 0.3076923076923077,
  "5_1": 0.27972027972027974,
  "6_1": 0.22377622377622378,
  "7_1": 0.23776223776223776,
  "8_1": 0.21678321678321677,
  "9_2": 0.22377622377622378,
  "10_1": 0.25874125874125875,
  "12_1": 0.5174825174825175,
  "14_1": 0.06293706293706294,
  "15_1": 0.055944055944055944,
  "16_1": 0.26573426573426573,
  "17_1": 0.1958041958041958,
  "18_2": 0.14685314685314685,
  "19_3": 0.09090909090909091,
  "20_2": 0.8321678321678322,
  "21_1": 0.2097902097902098,
  "22_1": 0.055944055944055944,
  "23_1": 0.06293706293706294,
  "24_2": 0.6223776223776224,
  "25_0": 0.013986013986013986,
  "26_1": 0.3006993006993007,
  "27_1": 0.23076923076923078,
  "28_3": 0.4405594405594406,
  "29_1": 0.2097902097902098,
  "30_0": 0.6643356643356644,
  "31_2": 0.6573426573426573
}