{
  "4_1": 0.1092436974789916,
  "5_1": 0.17647058823529413,
  "6_1": 0.07563025210084033,
  "7_1": 0.12605042016806722,
  "8_1": 0.10084033613445378,
  "9_2": 0.09243697478991597,
  "10_1": 0.12605042016806722,
  "12_1": 0.29411764705882354,
  "14_1": 0.03361344537815126,
  "15_1": 0.025210084033613446,
  "16_1": 0.11764705882352941,
  "17_1": 0.10084033613445378,
  "18_2": 0.03361344537815126,
  "19_3": 0.025210084033613446,
  "20_2": -1,
  "21_1": 0.10084033613445378,
  "22_1": 0.025210084033613446,
  "23_1": 0.03361344537815126,
  "24_2": -1,
  "25_0": 0.008403361344537815,
  "26_1": 0.12605042016806722,
  "27_1": 0.10084033613445378,
  "28_3": 0.33613445378151263,
  "29_1": 0.09243697478991597,
  "30_0": 0.42857142857142855,
  "31_2": -1
}