{
  "4_1": 0.15966386554621848,
  "5_1": 0.21008403361344538,
  "6_1": 0.11764705882352941,
  "7_1": 0.16806722689075632,
  "8_1": 0.12605042016806722,
  "9_2": 0.11764705882352941,
  "10_1": 0.15966386554621848,
  "12_1": 0.33613445378151263,
  "14_1": 0.03361344537815126,
  "15_1": 0.025210084033613446,
  "16_1": 0.15966386554621848,
  "17_1": 0.12605042016806722,
  "18_2": 0.058823529411764705,
  "19_3": 0.03361344537815126,
  "20_2": -1,
  "21_1": 0.12605042016806722,
  "22_1": 0.025210084033613446,
  "23_1": 0.03361344537815126,
  "24_2": -1,
  "25_0": 0.008403361344537815,
  "26_1": 0.16806722689075632,
  "27_1": 0.12605042016806722,
  "28_3": 0.3697478991596639,
  "29_1": 0.1092436974789916,
  "30_0": 0.4789915966386555,
  "31_2": 0.4957983193277311
}