{
  "6_0": {
    "20_0": [
      0.5104895104895105,
      0,
      0.9041095890410958,
      0.0
    ],
    "20_1": [
      0.5104895104895105,
      0.0,
      0.9041095890410958,
      0.0
    ],
    "20_2": [
      0.5104895104895105,
      0.7590361445783133,
      0.9041095890410958,
      0.863013698630137
    ],
    "20_3": [
      0.5104895104895105,
      0.3,
      0.9041095890410958,
      0.0410958904109589
    ],
    "20_4": [
      0.5104895104895105,
      0.0,
      0.9041095890410958,
      0.0
    ]
  }
}