{
  "4_0": {
    "6_0": [
      0.5104895104895105,
      1.0,
      0.9041095890410958
    ],
    "6_1": [
      0.5104895104895105,
      1.0,
      0.0958904109589041
    ],
    "6_2": [
      0.5104895104895105,
      0,
      0.0
    ],
    "6_3": [
      0.5104895104895105,
      0,
      0.0
    ],
    "6_4": [
      0.5104895104895105,
      0,
      0.0
    ]
  }
}