{
  "4_0": -1,
  "5_0": 0.4520547945205479,
  "6_0": -1,
  "7_1": 0.1643835616438356,
  "8_0": 0.6712328767123288,
  "9_0": 0.726027397260274,
  "10_0": 0.6986301369863014,
  "12_0": 0.821917808219178,
  "14_1": 0.0410958904109589,
  "15_1": 0.0273972602739726,
  "16_0": 0.726027397260274,
  "17_0": 0.7671232876712328,
  "18_0": 0.726027397260274,
  "19_0": 0.6027397260273972,
  "20_2": 0.863013698630137,
  "21_0": 0.7534246575342466,
  "22_1": 0.0273972602739726,
  "23_1": 0.0410958904109589,
  "24_2": 0.684931506849315,
  "25_1": 0.7945205479452054,
  "26_0": 0.684931506849315,
  "27_0": 0.7123287671232876,
  "28_3": 0.5753424657534246,
  "29_0": 0.5068493150684932,
  "30_0": 0.7808219178082192,
  "31_2": 0.7671232876712328
}